<annotation>
	<folder>collectedimages</folder>
	<filename>iloveyou.bcfaab7a-5ef4-11ef-aeca-e6523ee64638.jpg</filename>
	<path>C:\Users\NANI\Desktop\PROJECT\RealTimeObjectDetection\Tensorflow\workspace\images\collectedimages\iloveyou.bcfaab7a-5ef4-11ef-aeca-e6523ee64638.jpg</path>
	<source>
		<database>Unknown</database>
	</source>
	<size>
		<width>640</width>
		<height>480</height>
		<depth>3</depth>
	</size>
	<segmented>0</segmented>
	<object>
		<name>I Love You</name>
		<pose>Unspecified</pose>
		<truncated>1</truncated>
		<difficult>0</difficult>
		<bndbox>
			<xmin>343</xmin>
			<ymin>63</ymin>
			<xmax>640</xmax>
			<ymax>360</ymax>
		</bndbox>
	</object>
</annotation>
