<annotation>
	<folder>collectedimages</folder>
	<filename>iloveyou.b0e6feb1-5ef4-11ef-9f45-e6523ee64638.jpg</filename>
	<path>C:\Users\NANI\Desktop\PROJECT\RealTimeObjectDetection\Tensorflow\workspace\images\collectedimages\iloveyou.b0e6feb1-5ef4-11ef-9f45-e6523ee64638.jpg</path>
	<source>
		<database>Unknown</database>
	</source>
	<size>
		<width>640</width>
		<height>480</height>
		<depth>3</depth>
	</size>
	<segmented>0</segmented>
	<object>
		<name>I Love You</name>
		<pose>Unspecified</pose>
		<truncated>0</truncated>
		<difficult>0</difficult>
		<bndbox>
			<xmin>235</xmin>
			<ymin>91</ymin>
			<xmax>479</xmax>
			<ymax>336</ymax>
		</bndbox>
	</object>
</annotation>
