<annotation>
	<folder>collectedimages</folder>
	<filename>no.97e99d78-5ef4-11ef-bdbf-e6523ee64638.jpg</filename>
	<path>C:\Users\NANI\Desktop\PROJECT\RealTimeObjectDetection\Tensorflow\workspace\images\collectedimages\no.97e99d78-5ef4-11ef-bdbf-e6523ee64638.jpg</path>
	<source>
		<database>Unknown</database>
	</source>
	<size>
		<width>640</width>
		<height>480</height>
		<depth>3</depth>
	</size>
	<segmented>0</segmented>
	<object>
		<name>No</name>
		<pose>Unspecified</pose>
		<truncated>0</truncated>
		<difficult>0</difficult>
		<bndbox>
			<xmin>81</xmin>
			<ymin>278</ymin>
			<xmax>345</xmax>
			<ymax>476</ymax>
		</bndbox>
	</object>
</annotation>
