<annotation>
	<folder>collectedimages</folder>
	<filename>no.a3feb7be-5ef4-11ef-a011-e6523ee64638.jpg</filename>
	<path>C:\Users\NANI\Desktop\PROJECT\RealTimeObjectDetection\Tensorflow\workspace\images\collectedimages\no.a3feb7be-5ef4-11ef-a011-e6523ee64638.jpg</path>
	<source>
		<database>Unknown</database>
	</source>
	<size>
		<width>640</width>
		<height>480</height>
		<depth>3</depth>
	</size>
	<segmented>0</segmented>
	<object>
		<name>No</name>
		<pose>Unspecified</pose>
		<truncated>0</truncated>
		<difficult>0</difficult>
		<bndbox>
			<xmin>335</xmin>
			<ymin>176</ymin>
			<xmax>611</xmax>
			<ymax>387</ymax>
		</bndbox>
	</object>
</annotation>
