<annotation>
	<folder>collectedimages</folder>
	<filename>yes.888a8bf5-5ef4-11ef-8ac7-e6523ee64638.jpg</filename>
	<path>C:\Users\NANI\Desktop\PROJECT\RealTimeObjectDetection\Tensorflow\workspace\images\collectedimages\yes.888a8bf5-5ef4-11ef-8ac7-e6523ee64638.jpg</path>
	<source>
		<database>Unknown</database>
	</source>
	<size>
		<width>640</width>
		<height>480</height>
		<depth>3</depth>
	</size>
	<segmented>0</segmented>
	<object>
		<name>Yes</name>
		<pose>Unspecified</pose>
		<truncated>0</truncated>
		<difficult>0</difficult>
		<bndbox>
			<xmin>295</xmin>
			<ymin>143</ymin>
			<xmax>465</xmax>
			<ymax>362</ymax>
		</bndbox>
	</object>
</annotation>
