<annotation>
	<folder>collectedimages</folder>
	<filename>yes.8754baa9-5ef4-11ef-b4d8-e6523ee64638.jpg</filename>
	<path>C:\Users\NANI\Desktop\PROJECT\RealTimeObjectDetection\Tensorflow\workspace\images\collectedimages\yes.8754baa9-5ef4-11ef-b4d8-e6523ee64638.jpg</path>
	<source>
		<database>Unknown</database>
	</source>
	<size>
		<width>640</width>
		<height>480</height>
		<depth>3</depth>
	</size>
	<segmented>0</segmented>
	<object>
		<name>Yes</name>
		<pose>Unspecified</pose>
		<truncated>0</truncated>
		<difficult>0</difficult>
		<bndbox>
			<xmin>353</xmin>
			<ymin>88</ymin>
			<xmax>538</xmax>
			<ymax>356</ymax>
		</bndbox>
	</object>
</annotation>
