<annotation>
	<folder>collectedimages</folder>
	<filename>yes.80182bff-5ef4-11ef-9916-e6523ee64638.jpg</filename>
	<path>C:\Users\NANI\Desktop\PROJECT\RealTimeObjectDetection\Tensorflow\workspace\images\collectedimages\yes.80182bff-5ef4-11ef-9916-e6523ee64638.jpg</path>
	<source>
		<database>Unknown</database>
	</source>
	<size>
		<width>640</width>
		<height>480</height>
		<depth>3</depth>
	</size>
	<segmented>0</segmented>
	<object>
		<name>Yes</name>
		<pose>Unspecified</pose>
		<truncated>1</truncated>
		<difficult>0</difficult>
		<bndbox>
			<xmin>201</xmin>
			<ymin>263</ymin>
			<xmax>386</xmax>
			<ymax>480</ymax>
		</bndbox>
	</object>
</annotation>
